{
  "width": 1280,
  "height": 720,
  "fps": 30,
  "main": "./script/aez_bundle_main.js",
  "assets": {
    "player": {
      "type": "image",
      "width": 32,
      "height": 32,
      "path": "files/2f2f2684fcf72b481d95.png",
      "hint": {
        "untainted": true
      },
      "virtualPath": "image/player.png"
    },
    "shot": {
      "type": "image",
      "width": 16,
      "height": 16,
      "path": "files/509c2bdd6ceeb49065ac.png",
      "hint": {
        "untainted": true
      },
      "virtualPath": "image/shot.png"
    },
    "se": {
      "type": "audio",
      "path": "files/aea88cd01152840e6725",
      "systemId": "sound",
      "duration": 250,
      "virtualPath": "audio/se"
    },
    "aez_bundle_main": {
      "type": "script",
      "global": true,
      "path": "files/f086925699839f7a9594.js",
      "virtualPath": "script/aez_bundle_main.js"
    }
  },
  "moduleMainScripts": {},
  "environment": {
    "sandbox-runtime": "3",
    "niconico": {
      "supportedModes": [
        "multi_admission"
      ],
      "preferredSessionParameters": {
        "totalTimeLimit": 7
      }
    },
    "external": {
      "send": "0"
    },
    "akashic-runtime": {
      "version": "~3.2.3-0",
      "flavor": "-canvas"
    }
  },
  "exportZipInfo": {
    "version": "1.7.45",
    "option": {
      "force": true,
      "strip": true,
      "minify": false,
      "minifyJs": false,
      "minifyJson": false,
      "packImage": false,
      "bundle": true,
      "babel": true,
      "targetService": "nicolive"
    }
  },
  "globalScripts": []
}