{
  "width": 1280,
  "height": 720,
  "fps": 30,
  "main": "./script/aez_bundle_main.js",
  "assets": {
    "kaeru": {
      "type": "image",
      "path": "files/89e04d94bc5c702066d7.png",
      "width": 1500,
      "height": 250,
      "hint": {
        "untainted": true
      },
      "virtualPath": "image/kaeru.png"
    },
    "title": {
      "type": "image",
      "path": "files/6a2fc763d1ca590c49f9.png",
      "width": 1034,
      "height": 720,
      "hint": {
        "untainted": true
      },
      "virtualPath": "image/title.png"
    },
    "number": {
      "type": "image",
      "path": "files/a0340c3947cfcd44e0b2.png",
      "width": 728,
      "height": 128,
      "hint": {
        "untainted": true
      },
      "virtualPath": "image/number.png"
    },
    "start": {
      "type": "image",
      "path": "files/fad71188a75b7f48f032.png",
      "width": 800,
      "height": 500,
      "hint": {
        "untainted": true
      },
      "virtualPath": "image/start.png"
    },
    "time": {
      "type": "image",
      "path": "files/834f6f7b833bbd30f0bc.png",
      "width": 76,
      "height": 76,
      "hint": {
        "untainted": true
      },
      "virtualPath": "image/time.png"
    },
    "glyph": {
      "type": "text",
      "path": "files/7995cac7367908d2fa2e.json",
      "virtualPath": "text/glyph.json"
    },
    "bgm": {
      "type": "audio",
      "path": "files/6e6ed82de3ca7cdfa409",
      "systemId": "music",
      "duration": 38400,
      "virtualPath": "audio/bgm"
    },
    "se_move": {
      "type": "audio",
      "path": "files/105078447221bd04ffe3",
      "systemId": "sound",
      "duration": 105,
      "virtualPath": "audio/se_move"
    },
    "se_start": {
      "type": "audio",
      "path": "files/9a33ab5f9c9b2521552d",
      "systemId": "sound",
      "duration": 1701,
      "virtualPath": "audio/se_start"
    },
    "se_timeup": {
      "type": "audio",
      "path": "files/3cd7bec6fc575a6d73a7",
      "systemId": "sound",
      "duration": 1080,
      "virtualPath": "audio/se_timeup"
    },
    "aez_bundle_main": {
      "type": "script",
      "global": true,
      "path": "files/f086925699839f7a9594.js",
      "virtualPath": "script/aez_bundle_main.js"
    }
  },
  "moduleMainScripts": {
    "@akashic-extension/akashic-timeline": "node_modules/@akashic-extension/akashic-timeline/lib/index.js",
    "@akashic-extension/akashic-hover-plugin": "node_modules/@akashic-extension/akashic-hover-plugin/lib/index.js",
    "@akashic-extension/resolve-player-info": "node_modules/@akashic-extension/resolve-player-info/lib/index.js"
  },
  "environment": {
    "sandbox-runtime": "3",
    "niconico": {
      "supportedModes": [
        "multi_admission"
      ],
      "preferredSessionParameters": {
        "totalTimeLimit": 7
      }
    },
    "external": {
      "coeLimited": "0",
      "atsumaru": "0",
      "send": "0"
    },
    "akashic-runtime": {
      "version": "~3.2.3-0",
      "flavor": "-canvas"
    }
  },
  "globalScripts": [],
  "exportZipInfo": {
    "version": "1.7.50",
    "option": {
      "force": true,
      "strip": true,
      "minify": false,
      "minifyJs": false,
      "minifyJson": false,
      "packImage": false,
      "bundle": true,
      "babel": true,
      "targetService": "nicolive"
    }
  }
}